{
    "graph": [
        {
            "id": "dataset:postgres://localhost:5435:lineagetutorial.adoption_reporting_long",
            "type": "DATASET",
            "data": {
                "name": "lineagetutorial.adoption_reporting_long",
                "fields": [
                    {
                        "name": "date",
                        "type": "date"
                    },
                    {
                        "name": "type",
                        "type": "string"
                    },
                    {
                        "name": "number",
                        "type": "integer"
                    }
                ]
            },
            "inEdges": [],
            "outEdges": [
                {
                    "origin": "dataset:postgres://localhost:5435:lineagetutorial.adoption_reporting_long",
                    "destination": "job:sparkol:python_spark.collect_limit"
                },
                {
                    "origin": "dataset:postgres://localhost:5435:lineagetutorial.adoption_reporting_long",
                    "destination": "job:sparkol:python_spark.execute_save_into_data_source_command"
                },
                {
                    "origin": "dataset:postgres://localhost:5435:lineagetutorial.adoption_reporting_long",
                    "destination": "job:sparkol:python_spark.execute_save_into_data_source_command.lineagetutorial_new_transformed_data"
                }
            ]
        },
        {
            "id": "dataset:postgres://localhost:5435:lineagetutorial.final_transformed_data",
            "type": "DATASET",
            "data": {
                "name": "lineagetutorial.final_transformed_data",
                "fields": [
                    {
                        "name": "type",
                        "type": "string"
                    },
                    {
                        "name": "max_total_number",
                        "type": "long"
                    },
                    {
                        "name": "min_total_number",
                        "type": "long"
                    },
                    {
                        "name": "number_difference",
                        "type": "long"
                    }
                ]
            },
            "inEdges": [
                {
                    "origin": "job:sparkol:python_spark.execute_save_into_data_source_command.lineagetutorial_final_transformed_data",
                    "destination": "dataset:postgres://localhost:5435:lineagetutorial.final_transformed_data"
                }
            ],
            "outEdges": []
        },
        {
            "id": "dataset:postgres://localhost:5435:lineagetutorial.new_transformed_data",
            "type": "DATASET",
            "data": {
                "name": "lineagetutorial.new_transformed_data",
                "fields": [
                    {
                        "name": "type",
                        "type": "string"
                    },
                    {
                        "name": "total_number",
                        "type": "long"
                    },
                    {
                        "name": "average_number",
                        "type": "double"
                    }
                ]
            },
            "inEdges": [
                {
                    "origin": "job:sparkol:python_spark.execute_save_into_data_source_command.lineagetutorial_new_transformed_data",
                    "destination": "dataset:postgres://localhost:5435:lineagetutorial.new_transformed_data"
                }
            ],
            "outEdges": [
                {
                    "origin": "dataset:postgres://localhost:5435:lineagetutorial.new_transformed_data",
                    "destination": "job:sparkol:python_spark.adaptive_spark_plan"
                },
                {
                    "origin": "dataset:postgres://localhost:5435:lineagetutorial.new_transformed_data",
                    "destination": "job:sparkol:python_spark.execute_save_into_data_source_command.lineagetutorial_final_transformed_data"
                }
            ]
        },
        {
            "id": "dataset:postgres://localhost:5435:lineagetutorial.new_transformed_dataa",
            "type": "DATASET",
            "data": {
                "name": "lineagetutorial.new_transformed_dataa",
                "fields": [
                    {
                        "name": "type",
                        "type": "string"
                    },
                    {
                        "name": "total_number",
                        "type": "long"
                    },
                    {
                        "name": "average_number",
                        "type": "double"
                    }
                ]
            },
            "inEdges": [
                {
                    "origin": "job:sparkol:python_spark.execute_save_into_data_source_command",
                    "destination": "dataset:postgres://localhost:5435:lineagetutorial.new_transformed_dataa"
                }
            ],
            "outEdges": []
        },
        {
            "id": "job:sparkol:python_spark.adaptive_spark_plan",
            "type": "JOB",
            "data": {
                "name": "python_spark.adaptive_spark_plan"
            },
            "inEdges": [
                {
                    "origin": "dataset:postgres://localhost:5435:lineagetutorial.new_transformed_data",
                    "destination": "job:sparkol:python_spark.adaptive_spark_plan"
                }
            ],
            "outEdges": []
        },
        {
            "id": "job:sparkol:python_spark.collect_limit",
            "type": "JOB",
            "data": {
                "name": "python_spark.collect_limit"
            },
            "inEdges": [
                {
                    "origin": "dataset:postgres://localhost:5435:lineagetutorial.adoption_reporting_long",
                    "destination": "job:sparkol:python_spark.collect_limit"
                }
            ],
            "outEdges": []
        },
        {
            "id": "job:sparkol:python_spark.execute_save_into_data_source_command",
            "type": "JOB",
            "data": {
                "name": "python_spark.execute_save_into_data_source_command"
            },
            "inEdges": [
                {
                    "origin": "dataset:postgres://localhost:5435:lineagetutorial.adoption_reporting_long",
                    "destination": "job:sparkol:python_spark.execute_save_into_data_source_command"
                }
            ],
            "outEdges": [
                {
                    "origin": "job:sparkol:python_spark.execute_save_into_data_source_command",
                    "destination": "dataset:postgres://localhost:5435:lineagetutorial.new_transformed_dataa"
                }
            ]
        },
        {
            "id": "job:sparkol:python_spark.execute_save_into_data_source_command.lineagetutorial_final_transformed_data",
            "type": "JOB",
            "data": {
                "name": "python_spark.execute_save_into_data_source_command.lineagetutorial_final_transformed_data"
            },
            "inEdges": [
                {
                    "origin": "dataset:postgres://localhost:5435:lineagetutorial.new_transformed_data",
                    "destination": "job:sparkol:python_spark.execute_save_into_data_source_command.lineagetutorial_final_transformed_data"
                }
            ],
            "outEdges": [
                {
                    "origin": "job:sparkol:python_spark.execute_save_into_data_source_command.lineagetutorial_final_transformed_data",
                    "destination": "dataset:postgres://localhost:5435:lineagetutorial.final_transformed_data"
                }
            ]
        },
        {
            "id": "job:sparkol:python_spark.execute_save_into_data_source_command.lineagetutorial_new_transformed_data",
            "type": "JOB",
            "data": {
                "name": "python_spark.execute_save_into_data_source_command.lineagetutorial_new_transformed_data"
            },
            "inEdges": [
                {
                    "origin": "dataset:postgres://localhost:5435:lineagetutorial.adoption_reporting_long",
                    "destination": "job:sparkol:python_spark.execute_save_into_data_source_command.lineagetutorial_new_transformed_data"
                }
            ],
            "outEdges": [
                {
                    "origin": "job:sparkol:python_spark.execute_save_into_data_source_command.lineagetutorial_new_transformed_data",
                    "destination": "dataset:postgres://localhost:5435:lineagetutorial.new_transformed_data"
                }
            ]
        }
    ]
}